<?xml version="1.0" encoding="ISO-8859-1"?>
<!--
/*
 * $Id$
 *
 * Licensed to the Apache Software Foundation (ASF) under one
 * or more contributor license agreements.  See the NOTICE file
 * distributed with this work for additional information
 * regarding copyright ownership.  The ASF licenses this file
 * to you under the Apache License, Version 2.0 (the
 * "License"); you may not use this file except in compliance
 * with the License.  You may obtain a copy of the License at
 *
 *  http://www.apache.org/licenses/LICENSE-2.0
 *
 * Unless required by applicable law or agreed to in writing,
 * software distributed under the License is distributed on an
 * "AS IS" BASIS, WITHOUT WARRANTIES OR CONDITIONS OF ANY
 * KIND, either express or implied.  See the License for the
 * specific language governing permissions and limitations
 * under the License.
 */
-->
<project name="Struts 2">
    <bannerLeft>
        <name>Apache Software Foundation</name>
        <src>http://www.apache.org/images/asf-logo.gif</src>
        <href>http://www.apache.org/</href>
    </bannerLeft>
    <bannerRight>
        <name>Apache Struts</name>
        <src>http://struts.apache.org/images/struts.gif</src>
        <href>http://struts.apache.org/</href>
    </bannerRight>
    <body>
        <links>
            <item name="Apache"
                  href="http://www.apache.org/"/>
            <item name="Struts"
                  href="http://struts.apache.org/index.html"/>
        </links>

        <menu ref="parent"/>
        <menu ref="reports"/>

    </body>
</project>
